rating,artist,song
10,10 CC,Dreadlock Holiday
10,Aerosmith,Dream On
10,Booker T. & the MGs,Green Onions
10,"Crosby, Stills, Nash & Young",Almost Cut My Hair
10,Dire Straits,Brothers In Arms
10,Led Zeppelin,When The Levee Breaks
10,Led Zeppelin,Kashmir
10,Ludovico Einaudi,Primavera
10,Massive Attack,Safe From Harm
10,Metallica,Nothing Else Matters (symphonic)
10,Pink Floyd,The Great Gig In The Sky
10,Pink Floyd,Echoes (remix)
10,Pink Floyd,Welcome To The Machine
10,Pink Floyd,Us & Them -> Eclipse
10,Pink Floyd,Wish You Were Here
10,Porcupine Tree,Drown With Me
10,Porcupine Tree,Trains
10,Portishead,Roads
10,The Black Keys,Gold On the Ceiling
10,The Cinematic Orchestra,To Build A Home
10,The Rolling Stones,Brown Sugar
10,The Rolling Stones,Midnight Rambler
10,The Rolling Stones,Can't You Hear Me Knocking
10,The Rolling Stones,Gimme Shelter
10,The Rolling Stones,Sympathy for the Devil
10,The Who,Pinball Wizard
9,Amy Winehouse,Back To Black
9,Annie Lennox,Don't Let It Bring You Down
9,Antonio Vivaldi,The 4 Seasons: Summer
9,Bonobo,Between The Lines (feat. Bajka)
9,Bruce Springsteen,Jungleland
9,Cat Stevens,Father & Son
9,Chicago,I'm A Man
9,Chris Isaak,Wicked Game
9,Coldplay,Talk
9,Coldplay,God Put A Smile Upon Your Face
9,Counting Crows,Mr. Jones
9,Creedence Clearwater Revival,Fortunate Son
9,Deadmau5,The Veldt
9,Deadmau5,4ware
9,Death Cab for Cutie,I Will Possess Your Heart
9,Dire Straits,On Every Street
9,Dire Straits,Sultans Of Swing
9,Doves,Firesuite
9,Electric Light Orchestra,Fire On High
9,Elton John,Rocket Man
9,Eric Clapton,While My Guitar Gently Weeps (live)
9,Erik Satie,Gnossienne No1
9,Eva Cassidy,Ain't No Sunshine
9,Fleet Foxes,Blue Ridge Mountains
9,Fleetwood Mac,The Chain
9,Fleetwood Mac,Go Your Own Way
9,Florence + The Machine,What the Water Gave Me
9,Foo Fighters,Everlong (acoustic)
9,Fun Lovin' Criminals,There Was A Time
9,Garbage,Only Happy When it Rains
9,Gary Jules,Mad World
9,George Winston,Cast Your Fate to the Wind
9,Gerry Rafferty,Baker Street
9,Gnarls Barkley,Crazy
9,Gotan Project,Epoca
9,Grateful Dead,Althea
9,Ian Brown,Keep What Ya Got
9,Isaac Hayes,Theme From 'Shaft'
9,Jack White,Missing Pieces
9,Jefferson Airplane,White Rabbit
9,Jimi Hendrix,All Along The Watchtower
9,Johann Sebastian Bach,"Violin Concerto No.4 In E, Adagio"
9,Johann Sebastian Bach,Toccata in D minor
9,John Lennon,Imagine
9,Joseph Arthur,Travel As Equals
9,Keren Ann,My Name Is Trouble
9,Led Zeppelin,Dazed and Confused
9,Led Zeppelin,Heartbreaker
9,Led Zeppelin,Babe I'm Gonna Leave You
9,Led Zeppelin,Ramble On
9,Led Zeppelin,Going To California
9,Led Zeppelin,Immigrant Song
9,Led Zeppelin,Whole Lotta Love
9,Led Zeppelin,The Rain Song
9,London Philharmonic Orchestra,Kashmir
9,Ludovico Einaudi,Time Lapse
9,Ludovico Einaudi,Divenire
9,Marc Cohn,Walking In Memphis
9,Mark Knopfler,What It Is
9,Marvin Gaye,What's Going On
9,Massive Attack,Protection
9,Massive Attack,Inertia Creeps
9,Massive Attack,Angel
9,Massive Attack,Teardrop
9,Metric,Blindness
9,Midnight Oil,Beds Are Burning
9,Morcheeba,Enjoy the Ride
9,Morcheeba,The Sea
9,Nat King Cole,Nature Boy
9,Neil Young,Dont Let It Bring You Down
9,Nick Drake,River Man
9,Nick Drake,Day Is Done
9,Pearl Jam,Black
9,Pink Floyd,Shine On You Crazy Diamond (live)
9,Pink Floyd,Money (live)
9,Pink Floyd,Time
9,Pink Floyd,Us And Them -> Eclipse (live)
9,Pink Floyd,Comfortably Numb
9,Pink Floyd,Have A Cigar
9,Pink Floyd,Shine On You Crazy Diamond
9,Porcupine Tree,Start of Something Beautiful
9,Porcupine Tree,Sentimental
9,Porcupine Tree,Disappear
9,Porcupine Tree,Stars Die
9,Porcupine Tree,Buying New Soul (Live)
9,Portishead,Glory Box
9,Portishead,Sour Times
9,Red Hot Chili Peppers,Otherside
9,Red Hot Chili Peppers,Snow (Hey Oh)
9,Red Hot Chili Peppers,Dani California
9,R.E.M.,Find The River
9,R.E.M.,Nightswimming
9,R.E.M.,Orange Crush
9,Simon & Garfunkel,Scarborough Fair
9,Sneaker Pimps,6 Underground (Nellee Hooper Edit)
9,Snow Patrol,The Lightning Strike
9,Spirit,Taurus
9,Stevie Ray Vaughan,Riviera Paradise
9,Stevie Ray Vaughan,Voodoo Chile (Slight Return)
9,Stevie Wonder,Higher Ground
9,Syntax,Pride
9,Tame Impala,It Is Not Meant To Be
9,The Beatles,While My Guitar Gently Weeps
9,The Beatles,Eleanor Rigby
9,The Beatles,Blackbird
9,The Black Keys,Little Black Submarines
9,The Boxer Rebellion,Diamonds
9,The Cardigans,My Favourite Game
9,The Dandy Warhols,Bohemian Like You
9,The Dandy Warhols,We Used To Be Friends
9,The Doors,Riders On The Storm
9,The Eagles,The Last Resort
9,The Jam,Town Called Malice
9,The Mamas & The Papas,California Dreaming
9,The Rolling Stones,Beast Of Burden
9,The Rolling Stones,You Can't Always Get What You Want
9,The Who,Who Are You
9,Tom Petty & The Heartbreakers,Mary Jane's Last Dance
9,Vast,Touched
9,War,Low Rider
8,Adele,Rolling In The Deep
8,Aimee Mann,Wise Up
8,Aimee Mann,Save Me
8,Aimee Mann,Long Shot
8,Air,La Femme D'Argent
8,Air,Playground Love
8,Alanis Morissette,Thank U
8,Alejandro Escovedo,Wave
8,Alice Russell,High Up On The Hook
8,Allman Brothers,Whipping Post
8,Allman Brothers,Jessica
8,Alphaville,Big In Japan
8,Alt-J,Hunger of the Pine
8,Alt-J,Tessellate (Broadbandits Afro Mix)
8,Amy Winehouse,You Know I'm No Good
8,A Perfect Circle,Gravity
8,Apocalyptica,Ruska
8,Arcade Fire,We Exist
8,Arctic Monkeys,Do I Wanna Know?
8,B.B. King,The Thrill Is Gone
8,B.B. King & Tracy Chapman,The Thrill Is Gone
8,Beck,Everybody's Got To Learn Sometime
8,Beck,Scarecrow
8,Beethoven,Symphony No.5 - Allegro Con Brio
8,Ben Harper,Burn to Shine
8,Ben l'Oncle Soul,Seven Nation Army
8,Boz Scaggs,Loan Me A Dime
8,Broken Bells,The High Road
8,Broken Bells,Perfect World
8,Bruce Cockburn,The End of All Rivers
8,Bruce Hornsby,The Way It Is
8,Buckethead,Whitewash
8,Buddy Guy,Out In The Woods (w/ Robert Randolph)
8,Buena Vista Social Club,Chan Chan
8,Cake,Short Skirt Long Jacket
8,Carice van Houten,Siren or the Sea
8,Cat Stevens,Into White
8,Chris Isaak,Please
8,Christy Moore,Delirium Tremens
8,Claude Ginsburg & Julie King,Waiting For Snow
8,Coldplay,Shiver
8,Colin Hay,Down Under
8,Cracker,Sidi Ifni
8,Creedence Clearwater Revival,I Put A Spell On You
8,"Crosby, Stills & Nash",Dark Star
8,"Crosby, Stills, Nash & Young",Woodstock
8,Crowded House,Weather With You
8,Dave Brubeck,Take Five
8,David Bowie,Heroes
8,David Bowie,The Man Who Sold The World
8,David Gilmour,No Way
8,Death Cab for Cutie,Doors Unlocked and Open
8,Deodato,Also Sprach Zarathustra
8,Derek and the Dominos,Have You Ever Loved A Woman
8,Dick Dale,Miserlou
8,Dire Straits,Single Handed Sailor
8,Dire Straits,Tunnel of Love
8,Don Henley,The Boys of Summer
8,Dr. John,Right Place Wrong Time
8,Eagle-Eye Cherry,Desireless
8,Echo & the Bunnymen,Evergreen
8,Eels,Novocaine for the Soul
8,Elbow,Lippy Kids
8,Ennio Morricone,"The Good, The Bad & The Ugly"
8,Everlast,Black Jesus
8,Finn Brothers,Suffer Never
8,Fleetwood Mac,Rhiannon
8,Fleetwood Mac,Oh Well
8,Foo Fighters,Down In The Park
8,Foo Fighters,Times Like These
8,Foo Fighters,Everlong
8,Glen Hansard,You Will Become
8,Gogol Bordello,Tribal Connection
8,Golden Earring,Radar Love
8,Goldfrapp,Annabel
8,Gorillaz,Tomorrow Comes Today
8,Gorillaz,Feel Good Inc.
8,Grant-Lee Phillips,Humankind
8,Green Day,When I Come Around
8,Gustavo Santaolalla,Deportation/Iguazu
8,Guster,Lightning Rod
8,Gypsy Tailwind,Way To Here
8,Henry Mancini & His Orchestra,The Pink Panther Theme
8,Herbie Hancock,Maiden Voyage
8,Herbie Hancock,Cantaloupe Island
8,Hooverphonic,2 Wicky
8,Ian Moore,The Agitator
8,Jack Johnson,Upside Down
8,Jack White,Blunderbuss
8,Jake Shimabukuro,While My Guitar Gently Weeps
8,Jeff Buckley,Hallelujah
8,Jefferson Airplane,Somebody to Love
8,Jerry Douglas,Route Irish
8,Jimi Hendrix,Little Wing
8,Jimi Hendrix,Red House
8,Joe Jackson,It's Different For Girls
8,John Coltrane,Naima
8,John Coltrane,Theme For Ernie
8,John Hiatt,Adios to California
8,John Martyn,Glory Box
8,Johnny Cash,Hurt
8,Josh Ritter,Joy To You Baby
8,Junip,Chickens
8,Kate Bush,Cloudbusting
8,Kermit the Frog,Rainbow Connection
8,Kings of Leon,Pyro
8,Kraftwerk,Autobahn
8,KT Tunstall,Another Place to Fall
8,Led Zeppelin,Tangerine
8,Led Zeppelin,What Is And What Should Never Be
8,Led Zeppelin,Nobody's Fault But Mine
8,Led Zeppelin,Your Time is Gonna Come/Black Mountain S
8,Led Zeppelin,That's The Way
8,Leonard Cohen,Darkness
8,Madrugada,This Old House
8,Madrugada,Majesty (Live)
8,Madrugada,Majesty
8,Mamas and the Papas,Dream a Little Dream of Me
8,Manu Chao,Bongo Bong
8,Mark Knopfler & Emmylou Harris,Right Now
8,Marvin Gaye,I Heard It Through the Grapevine
8,Massive Attack,Paradise Circus
8,Massive Attack,Unfinished Sympathy
8,Massive Attack,What Your Soul Sings
8,Mazzy Star,California
8,"Medeski, Martin & Wood",End of the World Party
8,"Medeski, Martin & Wood",Ice
8,Men at Work,Land Down Under
8,Metric,Speed the Collapse
8,Mich Gerber,By Your Side (feat. Bajka)
8,Miles Davis,Nature Boy
8,Miles Davis,Freddie Freeloader
8,Moby,Extreme Ways
8,Mono,"Silent Flight, Sleeping Dawn"
8,Morcheeba,Blood Like Lemonade
8,Mozart,Symphony No. 40 - Molto Allegro
8,Mozart,Eine Kleine Nachtmusik - Allegro
8,Muse,Uprising
8,Nada Surf,Always Love
8,Neil Young,War of Man
8,Neil Young,After the Gold Rush
8,Nerina Pallot,Lot Like Heaven
8,Nick Drake,Things Behind The Sun
8,Nirvana,Smells Like Teen Spirit
8,Oi Va Voi,Worry Lines
8,Paul Simon,You Can Call Me Al
8,Pearl Jam,Black (Live)
8,Pearl Jam,Elderly Woman Behind the Counter in a Sm
8,Pearl Jam,Immortality (Live)
8,Pearl Jam,Yellow Ledbetter
8,Pink Floyd,High Hopes
8,Pink Floyd,What Do You Want From Me
8,Pink Floyd,Another Brick In The Wall [Parts 1 & 2]
8,Pink Floyd,Mother
8,Pink Floyd,Another Brick In The Wall (Part 2)
8,Pixies,Where Is My Mind
8,PJ Harvey,A Place Called Home
8,Porcupine Tree,The Sound Of Muzak
8,Porcupine Tree,Mellotron Scratch
8,Porcupine Tree,Even Less
8,Porcupine Tree,Time Flies
8,Portishead,The Rip
8,Radical Face,Ghost Towns
8,Radio Citizen (feat. Bajka),The Hop
8,Radiohead,Karma Police
8,Radiohead,The Daily Mail
8,Ray Charles,Hit The Road Jack
8,Ray Charles,What'd I Say (Parts I & II)
8,Red Hot Chili Peppers,Under The Bridge
8,Regina Spektor,Ballad of a Politician
8,Regina Spektor,All the Rowboats
8,R.E.M.,Me In Honey
8,R.E.M.,The Sidewinder Sleeps Tonite
8,R.E.M.,"What's The Frequency, Kenneth"
8,R.E.M.,Imitation of Life
8,R.E.M.,Losing My Religion
8,R.E.M.,Bang and Blame
8,Rodrigo y Gabriela,Stairway to Heaven
8,Santana,Incident At Neshabur
8,Santana,Eternal Caravan/Waves Within
8,Santana,Hope You're Feeling Better
8,Santana,Jingo
8,Sarah Harmer,Almost
8,Shivaree,Goodnight Moon
8,Show of Hands,Roots
8,Sister Hazel,Gold Dust Woman
8,Snow Patrol,Shut Your Eyes
8,Sofi Tukker,Deja Vu Affair
8,Soha,C'est bien mieux comme ca
8,Spencer Davis Group,I'm A Man
8,Spirit,It Shall Be
8,Spirit,Fresh Garbage
8,Spoon,The Mystery Zone
8,Stevie Ray Vaughan,Cold Shot
8,Stevie Ray Vaughan,Pride and Joy
8,Stevie Wonder,Superstition
8,Stevie Wonder,Pastime Paradise
8,Stone Roses,Fools Gold
8,Stone Temple Pilots,Interstate Love Song
8,Strawberry Alarm Clock,Incense and Peppermints
8,Sugarloaf,Green-Eyed Lady
8,Supertramp,Even In The Quietest Moments
8,Supertramp,Breakfast In America
8,Syntax,Bliss
8,The Airborne Toxic Event,Sometime Around Midnight
8,The Beatles,Dig A Pony
8,The Black Keys,Turn Blue
8,The Black Keys,Mind Eraser
8,The Black Keys,Lonely Boy
8,The Black Keys,Run Right Back
8,The Black Keys,Dead and Gone
8,The Breeders,Cannonball
8,The Cult,She Sells Sanctuary
8,The Dandy Warhols,Plan A
8,The Dandy Warhols,You Were The Last High
8,The Derek Trucks Band,Already Free (live)
8,The Derek Trucks Band,Down In The Flood
8,The Doors,Light My Fire
8,The Eagles,Hotel California (live acoustic)
8,The Eagles,Journey Of The Sorcerer
8,The Heavy,Short Change Hero
8,The Kinks,You Really Got Me
8,The Lively Ones,Surf Rider
8,The Melodians,Rivers of Babylon
8,The Moody Blues,Nights in White Satin
8,The Postal Service,Such Great Heights
8,The Rolling Stones,Street Fighting Man
8,The Rolling Stones,Wild Horses
8,The Rolling Stones,Country Honk
8,The Rolling Stones,Honky Tonk Women
8,The Rolling Stones,Not Fade Away
8,The Rolling Stones,Miss You
8,The Shadows,Apache
8,The Verve,Lucky Man
8,The White Stripes,Ball And Biscuit
8,The Who,I Can't Explain
8,The Who,Baba O'Riley
8,Toad The Wet Sprocket,Something's Always Wrong
8,Todd Hannigan,Thicker Than Water
8,Tom Petty & The Heartbreakers,Learning To Fly
8,Tom Petty & The Heartbreakers,Shadow People
8,Tori Amos,Seven Sisters
8,Trace Bundy,Bristlecone
8,Traffic,Dear Mr. Fantasy
8,Trentemøller,Candy Tongue
8,U2,Magnificent
8,U2,I Still Haven't Found What I'm Looking F
8,U2,Beautiful Day
8,U2,One
8,Unkle,Be There (w/ Ian Brown)
8,Unkle,Reign
8,Van Morrison,Into The Mystic
8,Vast,Loneliness Is Fine
8,Vienna Teng,My Medea
8,Vince Guaraldi Trio,Cast Your Fate To The Wind
8,Warren Zevon,Werewolves Of London
8,Wilco,Box Full of Letters
8,William Orbit,Water from a Vine Leaf (w/ Beth Orton)
8,Wim Mertens,Close Cover
8,Younger Brother,Ribbon On A Branch
8,Zero 7,In the Waiting Line
7,2raumwohnung,Ich Weiß Warum
7,Adiemus,Adiemus
7,Aimee Mann,The Scientist (Live)
7,Aimee Mann,Save Me
7,Aimee Mann,Humpty Dumpty
7,Air,All I Need
7,Albert King & Stevie Ray Vaughan,Match Box Blues
7,Albert King & Stevie Ray Vaughan,Born Under A Bad Sign
7,Al Green,Love and Happiness
7,Allman Brothers,Soulshine
7,Allman Brothers,Trouble No More
7,Alt-J,Arrival In Nara
7,Alt-J,Something Good
7,Amadou & Mariam,Ce N'est Pas Bon
7,Amanda Jenssen,Happyland (Desert Mix)
7,Amelia Curran,Scattered & Small
7,Amy MacDonald,Across the Nile
7,Amy MacDonald,This Is the Life
7,Ane Brun,Virvelvind
7,Angelo Badalamenti,Laurens Walking
7,Antje Duvekot,Scream
7,Aquilo,Human
7,Bahamas,Lost In The Light
7,Band of Horses,The Funeral
7,Band of Skulls,Wanderluster
7,Beck,Dark Star
7,Beck,Heart is a Drum
7,Beck,Broken Drum (Boards of Canada Remix)
7,Béla Fleck,Katmandu
7,Ben Harper,Number With No Name
7,Ben Harper,Faded
7,Benny Goodman,"Sing, Sing, Sing"
7,Beth Orton,Stolen Car
7,Beth Orton,Thinking About Tomorrow
7,Big Head Todd & The Monsters,Bittersweet
7,Big Sugar,Come A Little Closer
7,Billy Preston,Outa Space
7,Blackfield,Christenings
7,Blackfield,My Gift Of Silence
7,Black Uhuru,Youth of Eglington
7,Blind Faith,Well All Right
7,Blitzen Trapper,Thirsty Man
7,Blondie,One Way or Another
7,Bob Dylan,Positively 4th Street
7,Bob Dylan,Man in the Long Black Coat
7,Bob Dylan,Gotta Serve Somebody
7,Bob Dylan,Like a Rolling Stone
7,Bob Marley,Buffalo Soldier
7,BoDeans,Good Things
7,Bo Diddley,Bo Diddley
7,Bonobo,El Toro
7,Boy & Bear,My Only One
7,Bright Eyes,We Are Nowhere and It's Now
7,Bruce Springsteen,Born To Run
7,Cake,Commissioning A Symphony In C
7,Cake,Love You Madly
7,Caro Emerald,That Man
7,Cat Stevens,Miles from Nowhere
7,Chrissie Hynde,In a Miracle
7,Coldplay,Don't Panic
7,Coldplay,White Shadows
7,Coldplay,Spies
7,Coldplay,Ghost Story
7,Colin Hay,I Just Don't Think I'll Ever Get Over Yo
7,Counting Crows,Rain King
7,Counting Crows,Round Here
7,"Crosby, Stills & Nash",Long Time Gone
7,Crowded House,Four Seasons In One Day
7,Danger Mouse & Daniele Luppi,Black (w/ Norah Jones)
7,Danger Mouse & Daniele Luppi,Two Against One (w/Jack White)
7,Dave Alvin,Ashgrove
7,Dave Brubeck,Koto Song
7,Dave Mason,Only You Know And I Know
7,Dave Matthews Band,Lying In The Hands Of God
7,David Bowie,China Girl
7,David Bowie,Fame
7,Death Cab for Cutie,Cath
7,Death Cab for Cutie,I Will Follow You into the Dark
7,Depeche Mode,Heaven
7,Derek and the Dominos,Key To The Highway
7,Diane Birch,Staring at You
7,Dire Straits,Skateaway
7,Dire Straits,Follow Me Home
7,Donna the Buffalo,If You Only Could
7,Donovan,Sunshine Superman
7,Doves,The Cedar Room
7,Doves,Darker
7,Doves,Satellites
7,Doves,The Greatest Denier
7,Eddie Vedder,Hard Sun
7,Edwyn Collins,A Girl Like You
7,Eels,Guest List
7,Eels,Your Lucky Day In Hell
7,Elbow,The Fix
7,Elbow,One Day Like This
7,Elbow,Jesus Is A Rochdale Girl
7,Elephant Stone,A Silent Moment
7,Elton John,Tiny Dancer
7,Emancipator,Anthem
7,Emiliana Torrini,Fingertips
7,Emory Joseph,Brown Eyed Women
7,Equation,Kissing Crime
7,Eric Clapton,Mainline Florida
7,Eric Clapton,The Core
7,Eva Cassidy,Wade In The Water
7,Eva Cassidy,Fields of Gold
7,Everything but the Girl,Missing
7,Filter,Take A Picture
7,Fink,Pilgrim
7,Fleet Foxes,Mykonos
7,Fleetwood Mac,Landslide
7,Fleetwood Mac,World Turning
7,Fleetwood Mac,Tell Me All The Things You Do
7,Florence + The Machine,"No Light, No Light"
7,Focus,Focus III
7,Foo Fighters,Still
7,Fotheringay,The Way I Feel
7,Four Tops,Reach Out I'll Be There
7,Future Islands,Time On Her Side
7,George Harrison,What Is Life
7,George Harrison,Isn't It A Pity
7,Githead,Take Off
7,Golden Palominos,Little Suicides
7,Gorillaz,Demon Days
7,Gorillaz,Empire Ants
7,Gotan Project,Santa María (del Buen Ayre)
7,Gotye,Smoke And Mirrors
7,Grant Lee Buffalo,Mockingbirds
7,Grateful Dead,Not Fade Away / Goin' Down the Road Feel
7,Grateful Dead,China-Rider
7,Greg Laswell,Your Ghost
7,Guster,Long Night
7,Harvey Reid,Racing the Storm
7,Hem,Half Acre
7,Hey Rosetta!,Young Glass
7,High Violets,Wheel
7,Hooverphonic,One
7,Hooverphonic,Mad About You
7,INXS,Original Sin
7,It's A Beautiful Day,Don And Dewey
7,It's A Beautiful Day,Hot Summer Day
7,Jackson Browne,The Pretender
7,Jackson Browne,Running On Empty
7,Jackson Browne,Fountain Of Sorrow
7,Jacques Loussier Trio,Prelude No. 1 In C Major
7,James McMurtry,Levelland (live)
7,Jethro Tull,My God
7,Jethro Tull,Bouree
7,Jethro Tull,To Cry You a Song
7,Jimi Hendrix,Angel
7,J.J. Cale,City Girls
7,Joe Bonamassa,Stones In My Passway
7,Joe Bonamassa,Slow Train
7,Joe Bonamassa,I Got All You Need
7,Joe Bonamassa,Dust Bowl
7,Joe Satriani,Sleep Walk
7,Joe Strummer & The Mescaleros,Coma Girl
7,John Hiatt,Feels Like Rain
7,John Hiatt,Angel Eyes (live)
7,John Lennon,Jealous Guy
7,Jon Redfern,I Love The Sun
7,José González,Teardrop
7,José González,Stay Alive
7,Junip,Line Of Fire
7,Kasabian,Where Did All The Love Go?
7,Kathleen Edwards,In State
7,Keane,Your Eyes Open
7,Kenny Burrell,Chitlins Con Carne
7,Kent,Den Döda Vinkeln
7,KGB,Call It A Night
7,King Crimson,Epitaph
7,Lana Del Rey,Born to Die
7,Led Zeppelin,Communication Breakdown
7,Led Zeppelin,That's the Way (live)
7,Led Zeppelin,South Bound Saurez
7,Leftover Cuties,One Heart
7,Leo Kottke,Vaseline Machine Gun
7,Leonard Cohen,I'm Your Man
7,Live,Turn My Head
7,London Grammar,Nightcall
7,Ludovico Einaudi,Life
7,Ludovico Einaudi,Experience
7,Marc Broussard,Home
7,Mark-Almond,The City
7,Mark Knopfler,Privateering
7,Mark Knopfler,Coyote
7,Massive Attack,Everywhen
7,"Medeski, Martin & Wood",Reflector
7,Metric,Collect Call
7,Michael Hedges,Aerial Boundaries
7,Mick Jagger,Memo From Turner
7,Missy Higgins,Where I Stood
7,Mocean Worker,Shooby Shooby Do Yah!
7,Morcheeba,Slow Down
7,Morcheeba,Wonders Never Cease
7,Ms Mr,Hurricane
7,Muddy Waters,I Just Want to Make Love to You
7,Muse,Starlight
7,Nada Surf,Happy Kid
7,Natalie Merchant,Build A Levee
7,Neil Young,Natural Beauty
7,Neil Young,Revolution Blues
7,Neil Young,Cortez The Killer
7,Neil Young,Helpless
7,Nick Cave & The Bad Seeds,(Are You) The One I've Been Waiting For?
7,Nick Drake,Clothes Of Sand
7,Nick Drake,One Of These Things First
7,Nirvana,The Man Who Sold The World
7,Norah Jones,I Don't Wanna Hear Another Sound
7,Norah Jones,Say Goodbye
7,Old 97s,Jagged
7,Old 97s,The New Kid
7,Oscar Isaac,"Green, Green Rocky Road"
7,Other Lives,As I Lay My Head Down
7,Otis Redding,(Sittin' On) The Dock of the Bay
7,Ozric Tentacles,Aura Borealis
7,Patty Griffin,Cold As It Gets
7,Paul Banks,The Base
7,Paul Simon,The Boy In The Bubble
7,Paul Weller,I Walk On Gilded Splinters
7,Pentangle,Reflection
7,Peter Gabriel,I Grieve
7,Peter Gabriel,Growing Up
7,Peter Gabriel,Solsbury Hill
7,Peter Gabriel,Mercy Street
7,Pink Floyd,Fearless
7,Porcupine Tree,Prodigal
7,Porcupine Tree,Waiting
7,Porcupine Tree,Halo
7,Porcupine Tree,Sleep Together
7,Porcupine Tree,Fadeaway
7,Porcupine Tree,My Ashes
7,Porcupine Tree,Lips Of Ashes
7,Porcupine Tree,Dark Matter
7,Porcupine Tree,Lightbulb Sun
7,Queen,Bohemian Rhapsody
7,Queens of the Stone Age,I Sat By The Ocean
7,Rachid Taha,Barra Barra
7,Radical Face,The Mute
7,Radical Face,Welcome Home
7,Radiohead,Creep
7,Ray LaMontagne,Crazy
7,Ray LaMontagne,Beg Steal or Borrow
7,Ray LaMontagne,Shelter
7,Ray LaMontagne,Supernova
7,Ray LaMontagne,Empty
7,Ray LaMontagne,You Can Bring Me Flowers
7,Redd,Hala Ask Var Mi
7,Regina Spektor,Better
7,R.E.M.,Try Not To Breathe
7,R.E.M.,Leaving New York
7,R.E.M.,Can't Get There From Here
7,R.E.M.,Supernatural Superserious
7,R.E.M.,Sweetness Follows
7,R.E.M.,We Walk
7,Rick James,Super Freak
7,Robbie Robertson,Somewhere Down The Crazy River
7,Robert Plant,Rainbow
7,Roy Orbison,She's A Mystery To Me
7,Roy Orbison,"Oh, Pretty Woman"
7,Ry Cooder,The Very Thing That Makes You Rich
7,Sam Cooke,(What A) Wonderful World
7,Sharon Jones & The Dap-Kings,"100 Days, 100 Nights"
7,Shearwater,Filaments
7,Shivaree,Goodnight Moon (Live at KCRW)
7,Silversun Pickups,Rusted Wheel
7,Silversun Pickups,Growing Old Is Getting Old
7,Silversun Pickups,Three Seed
7,Snow Patrol,Somewhere a Clock is Ticking
7,Sophie Zelmani,If I Could
7,Southern Culture on the Skids,The Wet Spot
7,Spirit,Animal Zoo
7,Spoon,The Way We Get By
7,Spoon,Knock Knock Knock
7,Spoon,My Mathematical Mind
7,Steely Dan,Only a Fool Would Say That
7,Stephen Stills,So Begins The Task
7,Stevie Wonder,I Was Made to Love Her
7,Super Furry Animals,"Run! Christian, Run!"
7,Supertramp,School
7,Taj Mahal,Spike Driver Blues
7,Talking Heads,Once In A Lifetime
7,Talk Talk,Eden
7,Tame Impala,Elephant
7,The Beach Boys,Good Vibrations
7,The Beatles,Girl
7,The Beatles,Dear Prudence
7,The Beatles,We Can Work It Out
7,The Beatles,Across The Universe
7,The Beatles,Across The Universe
7,The Black Keys,Sister
7,The Black Keys,Too Afraid to Love You
7,The Boxer Rebellion,The Runner
7,The Byrds,My Back Pages
7,The Charlatans,Blackened Blue Eyes
7,The Cure,Pictures of You
7,The Cure,Boys Don't Cry
7,The Dandy Warhols,Godless
7,The Decemberists,This Is Why We Fight
7,The Decemberists,Rox In The Box
7,The Decemberists,Summersong
7,The Head and the Heart,Another Story
7,The Head and the Heart,Shake
7,The Jayhawks,I'd Run Away
7,The Levellers,Four Winds
7,The Mamas & The Papas,Dream A Little Dream Of Me
7,The National,Humiliation
7,The National,Fake Empire
7,The Orb,Toxygene
7,The Police,Roxanne
7,The Rolling Stones,Winter
7,The Rolling Stones,She's A Rainbow
7,The Rolling Stones,Jumpin' Jack Flash
7,The Rolling Stones,Let It Bleed
7,The Rolling Stones,Time Waits For No One
7,The Rolling Stones,Paint It Black
7,The Shins,Sea Legs
7,The Smashing Pumpkins,Violet Rays
7,The Smashing Pumpkins,1979
7,The Smiths,How Soon Is Now
7,The Stone Roses,Breaking Into Heaven
7,The Stone Roses,Love Spreads
7,The Verve,Bitter Sweet Symphony
7,The Waifs,Beautiful You
7,The Wallflowers,One Set Of Wings
7,The Wallflowers,Three Marlenas
7,The War on Drugs,Lost In The Dream
7,The Who,The Song Is Over
7,The Who,Quadrophenia
7,The XX,Angels
7,Thievery Corporation,Lebanese Blonde
7,Tim Buckley,Buzzin Fly
7,Tom Petty,It's Good To Be King
7,Tom Petty & The Heartbreakers,Something Good Coming
7,Tom Petty & The Heartbreakers,Tweeter and the Monkey Man (live)
7,Tom Petty & The Heartbreakers,Full Grown Boy
7,Toumani Diabate,Cantelowes
7,Townes Van Zandt,Lungs
7,Tracy Chapman,Three Little Birds (Live)
7,Traffic,Low Spark of High-Heeled Boys
7,Train,Mississippi
7,Traveling Wilburys,Tweeter And The Monkey Man
7,Triggerfinger,I Follow Rivers
7,Triggerfinger,Love Lost In Love
7,Tycho,Daydream
7,Tycho,A Walk
7,U2,Pride (In the Name of Love)
7,U2,One Tree Hill
7,U2,Sunday Bloody Sunday
7,Ultravox,Vienna
7,"Ungar, Mason & friends",Ashokan Farewell
7,Unkle,The Answer
7,Vienna Teng,Close to Home
7,Warren Zevon,Poor Poor Pitiful Me
7,Widespread Panic,Fishing
7,Wilco,How to Fight Loneliness
7,Wilco,"Jesus, Etc."
7,Wishbone Ash,Blowin' Free
7,Xavier Rudd,Follow The Sun
7,Yes,Long Distance Runaround & The Fish
7,Yes,Roundabout
7,Younger Brother,Train
7,Younger Brother,Happy Pills
7,Zoë Keating,Escape Artist
6,Afro Celt Sound System,The Silken Whip
6,Alexi Murdoch,Towards The Sun
6,Alexi Murdoch,Orange Sky
6,Alison Krauss & Union Station,Lie Awake
6,Amy MacDonald,Slow It Down
6,Andrew Bird,Desperation Breeds
6,Anna Ternheim,Solitary Move
6,Arcade Fire,Sprawl II (Mountains Beyond Mountains)
6,Arctic Monkeys,My Propeller
6,Avicii,Hey Brother
6,Band of Horses,On My Way Back Home
6,Beck,Tropicalia
6,Beck,Beautiful Way
6,Ben Christophers,Hooded Kiss
6,Beth Orton,Magpie
6,Beth Orton,Moon
6,Big Head Todd & The Monsters,Broken Hearted Savior
6,Björk,Play Dead
6,Björk,Human Behavior
6,Blackfield,End of the World
6,Black Rebel Motorcycle Club,American X
6,Black Rebel Motorcycle Club,Lose Yourself
6,Bob Dylan,Desolation Row
6,Bob Marley,Could You Be Loved
6,Bob Marley,"No Woman, No Cry"
6,Bob Marley,Sun Is Shining
6,Bob Marley,Stir it Up
6,Bob Marley,Three Little Birds
6,BoDeans,Fadeaway (live)
6,Bo Diddley,Who Do You Love
6,Bohren & Der Club Of Gore,Constant Fear
6,Bonnie Raitt,Spit of Love
6,Boy & Bear,Blood To Gold
6,Boy & Bear,Feeding Line
6,Boy & Bear,A Moment's Grace
6,Bruce Cockburn,Burden of the Angel-Beast
6,Bruce Springsteen,Spirit In The Night
6,Buena Vista Social Club,El Cuarto de Tula
6,Butthole Surfers,Pepper
6,Calexico,Splitter
6,Cat Power,Cherokee
6,Chet Atkins,Jam Man
6,Chris Rea,Road to Hell
6,Christians & Lions,Skinny Fists
6,Cloud Cult,When Water Comes to Life
6,Cloud Cult,Running With the Wolves
6,Corey Harris,Keep Your Lamp Trimmed and Burning
6,Counting Crows,Anna Begins
6,Cowboy Junkies,A Common Disaster
6,Cowboy Junkies,Brand New World
6,"Crosby, Stills, Nash & Young",Country Girl 
6,Dar Williams,I Am the One Who Will Remember Everythin
6,David Bowie,Ashes to Ashes
6,David Bowie,Ziggy Stardust (live)
6,David Bowie,Sound and Vision
6,David Crosby & Graham Nash,Lay Me Down
6,Dead Can Dance,The Ubiquitous Mr. Lovegrove
6,Death Cab for Cutie,Unobstructed Views
6,Death Cab for Cutie,You Are A Tourist
6,Depeche Mode,Precious
6,Depeche Mode,Enjoy The Silence
6,Doc & Merle Watson,Summertime
6,Donovan,Hurdy Gurdy Man
6,Donovan,Please Don't Bend
6,Doves,Compulsion
6,Eastmountainsouth,Hard Times
6,Elbow,The Birds
6,Eleanor McEvoy,Precious Little
6,Elliott Smith,Waltz #2
6,Elvis Costello,Veronica
6,Emmylou Harris,Where Will I Be
6,Etta James,The Rock
6,Faces,Stay With Me
6,Fairport Convention,Farewell Farewell
6,Finn Brothers,Paradise (Wherever You Are)
6,Fleetwood Mac,Man Of The World
6,Frank Sinatra,Fly Me To The Moon
6,Glenn Miller,In The Mood
6,GoldFish,Moonwalk Away
6,Goldfrapp,Thea
6,Gomez,How We Operate
6,Gotye,Heart's A Mess
6,Grandaddy,The Crystal Lake
6,Great Lake Swimmers,Your Rocky Spine
6,Guster,The Captain
6,Harry Manx,Bring That Thing (live)
6,Herbie Hancock,Watermelon Man
6,Hot Tuna,True Religion
6,INXS,Don't Change
6,Iron & Wine,Free Until They Cut Me Down
6,Israel Kamakawiwo'ole,Somewhere/Wonderful
6,Jack White,On And On And On
6,James,Sometimes
6,Jehro,Everything
6,John Lennon,Mind Games
6,Joni Mitchell,Hejira
6,José González,Leaf Off/The Cave
6,Joseph Arthur,In The Sun
6,Joseph Arthur,Wasted Days
6,Junior Brown,Surf Medley
6,Kasabian,Secret Alphabets
6,Kate Miller-Heidke,Sarah
6,Kathleen Edwards,"Goodnight, California"
6,King Crimson,One Time
6,KT Tunstall,White Bird
6,KT Tunstall,Feel It All
6,KT Tunstall,Lost
6,Lemon Jelly,Homage To Patagonia
6,Leonard Cohen,Waiting For A Miracle
6,Leonard Cohen,A Thousand Kisses Deep
6,Little Feat,Oh Atlanta
6,Lou Rawls,You'll Never Find Another Love
6,Moby,The Perfect Life
6,Morcheeba,Over & Over
6,Muddy Waters,Baby Please Don't Go
6,Muddy Waters,I Can't Be Satisfied
6,Mumford & Sons,Snake Eyes
6,My Morning Jacket,Gideon
6,Nat King Cole,(Get Your Kicks On) Route 66
6,Neil Finn,Turn and Run
6,Neil Young,Unknown Legend
6,Neil Young,Throw Your Hatred Down
6,Neil Young,Cowgirl In The Sand
6,Neko Case,Wild Creatures
6,New Order,Waiting For The Sirens' Call
6,Nick Lowe,"Peace, Love And Understanding"
6,Nick Lowe,Switch Board Susan
6,Noir Désir,Le Vent Nous Portera
6,Okkervil River,Lost Coastlines
6,Oliver Mtukudzi,Ndima Ndapedza
6,Orbital,The Box
6,Otis Redding,Hard To Handle
6,Otis Redding,These Arms of Mine
6,Passenger,Night Vision Binoculars
6,Patty Griffin,Wade In The Water
6,Peter Gabriel,Don't Give Up
6,Peter Gabriel,Digging in the Dirt
6,Peter Gabriel & Friends,"Burn You Up, Burn You Down"
6,Peter Murphy,All Night Long
6,Philip Glass,Opening
6,Pink Martini,Hang On Little Tomato
6,Porcupine Tree,A Smart Kid (Live)
6,Queens of the Stone Age,I Never Came
6,Rachael Yamagata,Accident
6,Rachel Sermanni,The Fog
6,Radical Face,Black Eyes
6,Radiohead,Reckoner
6,Radiohead,There There
6,Radiohead,Optimistic
6,Radiohead,Fake Plastic Trees
6,Regina Spektor,Patron Saint
6,R.E.M.,Sitting Still
6,R.E.M.,How The West Was Won And Where It Got Us
6,Riverside,Schizophrenic Prayer
6,Rosanne Cash,Modern Blue
6,Rusted Root,Send Me On My Way
6,Sade,No Ordinary Love
6,Santana,Soul Sacrifice
6,Sarah Blasko,God-Fearing
6,Screaming Trees,More or Less
6,Shivaree,I Close My Eyes
6,Silversun Pickups,Here We Are (Chancer)
6,Simon & Garfunkel,I Am A Rock
6,Simon & Garfunkel,Bridge Over Troubled Water
6,Sinead Lohan,No Mermaid
6,Smiths,Well I Wonder
6,Sophie Solomon,Holy Devil
6,Soweto String Quartet,Saint Agnes and the Burning Train
6,Stephen Marley,You're Gonna Leave
6,Stevie Wonder,I Believe
6,Talking Heads,This Must Be The Place (Naive Melody)
6,T Bone Burnett,Over You
6,The American Analog Set,Hard to Find
6,The Audreys,Long Ride
6,The Bad Plus,Flim
6,The Band,Chest Fever
6,The Boxer Rebellion,Semi Automatic
6,The Burned,Listen
6,The Cardigans,You're The Storm
6,The Cars,Dangerous Type
6,The Clash,Rock the Casbah
6,The Coral Sea,Under The Westway
6,The Cure,Just Like Heaven
6,The Cure,Lullaby (extended mix)
6,The Dandy Warhols,Love Song
6,The Decemberists,Don't Carry It All
6,The Derek Trucks Band,This Sky
6,The Duhks,Banjo Roustabout
6,The Frames,The Cost
6,The Kinks,Living On A Thin Line
6,The Lightning Seeds,Pure
6,The Moody Blues,Tuesday Afternoon
6,thenewno2,Hanging On
6,The New Pornographers,The Bleeding Heart Show
6,The New Pornographers,From Blown Speakers
6,The Rolling Stones,Ruby Tuesday
6,The Smithereens,Blood And Roses
6,The The,Uncertain Smile (remix)
6,The Wailin' Jennys,Storm Comin'
6,The Wallflowers,Love Is A Country
6,The Waterboys,Sweet Thing
6,The Weepies,Jolene
6,The Who,Amazing Journey/Sparks
6,Thievery Corporation,Amerimacka (Feat Notch)
6,Tom Petty & The Heartbreakers,Here Comes My Girl
6,Tom Waits,Hold On
6,Toots & The Maytals,"Take Me Home, Country Roads"
6,Tori Amos,Father Lucifer
6,Traffic,Heaven Is In Your Mind
6,Travis,Love Will Come Through
6,Trespassers William,Different Stars
6,U2,Staring At The Sun
6,U2,The Fly
6,U2,Bad (Live)
6,U2,So Cruel
6,Unkle,The Healing (w/ Gavin Clark)
6,Van Morrison,Crazy Love
6,Vast,Frog
6,Velvet Underground,Sweet Jane
6,Without Gravity,Waterfall
6,Xavier Rudd,Spirit Bird
6,Zero 7,Home
5,1 Giant Leap,The Way You Dream
5,Afro Celt Sound System,Mojave
5,Ali Farka Touré,Asco
5,Amadou & Mariam,Compagnon De La Vie
5,Amadou & Mariam,Coulibaly
5,Baka Beyond,Spirit of the Forest
5,Ben Harper,Jah Work
5,Björk,Big Time Sensuality
5,Black Rebel Motorcycle Club,Rifles
5,Black Rebel Motorcycle Club,Weight of the World
5,Blind Melon,Change
5,Bombino,Amidinine
5,Broken Social Scene,World Sick
5,Burlap to Cashmere,Build a Wall
5,Calexico,Crystal Frontier (Widescreen)
5,Choir of Young Believers,Hollow Talk
5,Cloud Cult,The Mission: Unexplainable Stories
5,Cracker,Low
5,"Crosby, Stills & Nash",Suite- Judy Blue Eyes
5,Dave Matthews Band,Broken Things
5,David Bowie,Waterloo Sunset
5,David Bowie,Let's Dance
5,David Gilmour,Short and Sweet
5,David Gilmour,Fat Old Sun (live)
5,David Gray,Let The Good Things Come
5,Death Cab for Cutie,Transatlanticism
5,Django Reinhardt,You Rascal You
5,Doyle Dykes,Jazz in the Box
5,Eivør,Rain
5,Elton John,Mona Lisas And Mad Hatters
5,Feist,Caught A Long Wind
5,John Hiatt,Sometime Other Than Now
5,Mary McCaslin,Things We Said Today
5,Michael Kiwanuka,Home Again
5,Moby,Almost Home
5,Nashville Mandolin Trio,As Far As I Can See
5,Neil Young,Only Love Can Break Your Heart
5,Ofra Haza,Im Nin Alu
5,Oingo Boingo,Just Another Day
5,Other Lives,Fair Weather
5,Patty Griffin,Love Throw A Line
5,Peter Gabriel,Games Without Frontiers (Massive Attack 
5,Peter Gabriel,Blood Of Eden
5,Poe,Control
5,Radiohead,Codex
5,Radiohead,Separator
5,R.E.M.,Fall On Me
5,Serafina Steer,Night Before Mutiny
5,Sigur Rós,Olsen Olsen
5,Sinéad O'Connor,Nothing Compares 2 U
5,Small Faces,Itchycoo Park
5,Spirit,Morning Will Come
5,The Airborne Toxic Event,All I Ever Wanted
5,The Jayhawks,Clouds
5,The Kinks,Celluloid Heroes
5,The Moody Blues,Om
5,The Pogues,Dirty Old Town
5,The Police,Wrapped Around Your Finger
5,The Rosebuds,Second Bird of Paradise
5,The Shins,Sleeping Lessons
5,The Walkabouts,They Are Not Like Us
5,Tom Waits,Heartattack And Vine
5,Tom Waits,Get Behind The Mule
5,Tonolec,Plegaria del Árbol Negro
5,Tracy Chapman,New Beginning
5,Turin Brakes,Goodbye
5,Woodkid,Boat Song
5,Yungchen Lhamo,Sky
1,Nirvana,All Apologies
2,Lana Del Rey,Video Games
2,The Cure,The Love Cats
2,The Police,Bring On The Night
2,The Sisters of Mercy,More
3,Avicii,Wake Me Up
3,!Deladap,Lautlos
3,Gogol Bordello,Pala Tute
3,Patty Griffin,Ohio
3,Patty Griffin,One Big Love
3,Radiohead,All I Need
3,Righteous Brothers,Unchained Melody
3,Tears for Fears,Head Over Heels
3,The Moody Blues,Lovely To See You
3,The Police,Driven To Tears
3,They Might Be Giants,Istanbul Not Constantinople
3,Tom Waits,Chocolate Jesus
4,Arcade Fire,Here Comes the Night Time
4,Beth Orton,Concrete Sky
4,Big Joe Turner,"Shake, Rattle & Roll"
4,Black Rebel Motorcycle Club,Fault Line
4,Bob Marley,Get Up Stand Up
4,David Lindley,Gimme Da 'Ting
4,Elliott Smith,Angeles
4,Elvis Presley,A Fool Such As I
4,Feist,I Feel It All
4,Garmarna,Euchari
4,Lisa Gerrard & Pieter Bourke,Forest Veil
4,Neil Young,Powderfinger
4,Peter Tosh,Mystery Babylon
4,Radiohead,Let Down
4,Squeeze,Another Nail For My Heart
4,The Blasters,I'm Shakin'
4,U2,I Will Follow
